DATE,UNRATE,CPIAUCSL,GDP
1947-01-01,5.698469945355192,21.48,243.164
1947-02-01,5.698469945355192,21.62,7159.388886363636
1947-03-01,5.698469945355192,22.0,7159.388886363636
1947-04-01,5.698469945355192,22.0,245.968
1947-05-01,5.698469945355192,21.95,7159.388886363636
1947-06-01,5.698469945355192,22.08,7159.388886363636
1947-07-01,5.698469945355192,22.23,249.585
1947-08-01,5.698469945355192,22.4,7159.388886363636
1947-09-01,5.698469945355192,22.84,7159.388886363636
1947-10-01,5.698469945355192,22.91,259.745
1947-11-01,5.698469945355192,23.06,7159.388886363636
1947-12-01,5.698469945355192,23.41,7159.388886363636
1948-01-01,3.4,23.68,265.742
1948-02-01,3.8,23.67,7159.388886363636
1948-03-01,4.0,23.5,7159.388886363636
1948-04-01,3.9,23.82,272.567
1948-05-01,3.5,24.01,7159.388886363636
1948-06-01,3.6,24.15,7159.388886363636
1948-07-01,3.6,24.4,279.196
1948-08-01,3.9,24.43,7159.388886363636
1948-09-01,3.8,24.36,7159.388886363636
1948-10-01,3.7,24.31,280.366
1948-11-01,3.8,24.16,7159.388886363636
1948-12-01,4.0,24.05,7159.388886363636
1949-01-01,4.3,24.01,275.034
1949-02-01,4.7,23.91,7159.388886363636
1949-03-01,5.0,23.91,7159.388886363636
1949-04-01,5.3,23.92,271.351
1949-05-01,6.1,23.91,7159.388886363636
1949-06-01,6.2,23.92,7159.388886363636
1949-07-01,6.7,23.7,272.889
1949-08-01,6.8,23.7,7159.388886363636
1949-09-01,6.6,23.75,7159.388886363636
1949-10-01,7.9,23.67,270.627
1949-11-01,6.4,23.7,7159.388886363636
1949-12-01,6.6,23.61,7159.388886363636
1950-01-01,6.5,23.51,280.828
1950-02-01,6.4,23.61,7159.388886363636
1950-03-01,6.3,23.64,7159.388886363636
1950-04-01,5.8,23.65,290.383
1950-05-01,5.5,23.77,7159.388886363636
1950-06-01,5.4,23.88,7159.388886363636
1950-07-01,5.0,24.07,308.153
1950-08-01,4.5,24.2,7159.388886363636
1950-09-01,4.4,24.34,7159.388886363636
1950-10-01,4.2,24.5,319.945
1950-11-01,4.2,24.6,7159.388886363636
1950-12-01,4.3,24.98,7159.388886363636
1951-01-01,3.7,25.38,336.0
1951-02-01,3.4,25.83,7159.388886363636
1951-03-01,3.4,25.88,7159.388886363636
1951-04-01,3.1,25.92,344.09
1951-05-01,3.0,25.99,7159.388886363636
1951-06-01,3.2,25.93,7159.388886363636
1951-07-01,3.1,25.91,351.385
1951-08-01,3.1,25.86,7159.388886363636
1951-09-01,3.3,26.03,7159.388886363636
1951-10-01,3.5,26.16,356.178
1951-11-01,3.5,26.32,7159.388886363636
1951-12-01,3.1,26.47,7159.388886363636
1952-01-01,3.2,26.45,359.82
1952-02-01,3.1,26.41,7159.388886363636
1952-03-01,2.9,26.39,7159.388886363636
1952-04-01,2.9,26.46,361.03
1952-05-01,3.0,26.47,7159.388886363636
1952-06-01,3.0,26.53,7159.388886363636
1952-07-01,3.2,26.68,367.701
1952-08-01,3.4,26.69,7159.388886363636
1952-09-01,3.1,26.63,7159.388886363636
1952-10-01,3.0,26.69,380.812
1952-11-01,2.8,26.69,7159.388886363636
1952-12-01,2.7,26.71,7159.388886363636
1953-01-01,2.9,26.64,387.98
1953-02-01,2.6,26.59,7159.388886363636
1953-03-01,2.6,26.63,7159.388886363636
1953-04-01,2.7,26.69,391.749
1953-05-01,2.5,26.7,7159.388886363636
1953-06-01,2.5,26.77,7159.388886363636
1953-07-01,2.6,26.79,391.171
1953-08-01,2.7,26.85,7159.388886363636
1953-09-01,2.9,26.89,7159.388886363636
1953-10-01,3.1,26.95,385.97
1953-11-01,3.5,26.85,7159.388886363636
1953-12-01,4.5,26.87,7159.388886363636
1954-01-01,4.9,26.94,385.345
1954-02-01,5.2,26.99,7159.388886363636
1954-03-01,5.7,26.93,7159.388886363636
1954-04-01,5.9,26.86,386.121
1954-05-01,5.9,26.93,7159.388886363636
1954-06-01,5.6,26.94,7159.388886363636
1954-07-01,5.8,26.86,390.996
1954-08-01,6.0,26.85,7159.388886363636
1954-09-01,6.1,26.81,7159.388886363636
1954-10-01,5.7,26.72,399.734
1954-11-01,5.3,26.78,7159.388886363636
1954-12-01,5.0,26.77,7159.388886363636
1955-01-01,4.9,26.77,413.073
1955-02-01,4.7,26.82,7159.388886363636
1955-03-01,4.6,26.79,7159.388886363636
1955-04-01,4.7,26.79,421.532
1955-05-01,4.3,26.77,7159.388886363636
1955-06-01,4.2,26.71,7159.388886363636
1955-07-01,4.0,26.76,430.221
1955-08-01,4.2,26.72,7159.388886363636
1955-09-01,4.1,26.85,7159.388886363636
1955-10-01,4.3,26.82,437.092
1955-11-01,4.2,26.88,7159.388886363636
1955-12-01,4.2,26.87,7159.388886363636
1956-01-01,4.0,26.83,439.746
1956-02-01,3.9,26.86,7159.388886363636
1956-03-01,4.2,26.89,7159.388886363636
1956-04-01,4.0,26.93,446.01
1956-05-01,4.3,27.03,7159.388886363636
1956-06-01,4.3,27.15,7159.388886363636
1956-07-01,4.4,27.29,451.191
1956-08-01,4.1,27.31,7159.388886363636
1956-09-01,3.9,27.35,7159.388886363636
1956-10-01,3.9,27.51,460.463
1956-11-01,4.3,27.51,7159.388886363636
1956-12-01,4.2,27.63,7159.388886363636
1957-01-01,4.2,27.67,469.779
1957-02-01,3.9,27.8,7159.388886363636
1957-03-01,3.7,27.86,7159.388886363636
1957-04-01,3.9,27.93,472.025
1957-05-01,4.1,28.0,7159.388886363636
1957-06-01,4.3,28.11,7159.388886363636
1957-07-01,4.2,28.19,479.49
1957-08-01,4.1,28.28,7159.388886363636
1957-09-01,4.4,28.32,7159.388886363636
1957-10-01,4.5,28.32,474.864
1957-11-01,5.1,28.41,7159.388886363636
1957-12-01,5.2,28.47,7159.388886363636
1958-01-01,5.8,28.64,467.54
1958-02-01,6.4,28.7,7159.388886363636
1958-03-01,6.7,28.87,7159.388886363636
1958-04-01,7.4,28.94,471.978
1958-05-01,7.4,28.94,7159.388886363636
1958-06-01,7.3,28.91,7159.388886363636
1958-07-01,7.5,28.89,485.841
1958-08-01,7.4,28.94,7159.388886363636
1958-09-01,7.1,28.91,7159.388886363636
1958-10-01,6.7,28.91,499.555
1958-11-01,6.2,28.95,7159.388886363636
1958-12-01,6.2,28.97,7159.388886363636
1959-01-01,6.0,29.01,510.33
1959-02-01,5.9,29.0,7159.388886363636
1959-03-01,5.6,28.97,7159.388886363636
1959-04-01,5.2,28.98,522.653
1959-05-01,5.1,29.04,7159.388886363636
1959-06-01,5.0,29.11,7159.388886363636
1959-07-01,5.1,29.15,525.034
1959-08-01,5.2,29.18,7159.388886363636
1959-09-01,5.5,29.25,7159.388886363636
1959-10-01,5.7,29.35,528.6
1959-11-01,5.8,29.35,7159.388886363636
1959-12-01,5.3,29.41,7159.388886363636
1960-01-01,5.2,29.37,542.648
1960-02-01,4.8,29.41,7159.388886363636
1960-03-01,5.4,29.41,7159.388886363636
1960-04-01,5.2,29.54,541.08
1960-05-01,5.1,29.57,7159.388886363636
1960-06-01,5.4,29.61,7159.388886363636
1960-07-01,5.5,29.55,545.604
1960-08-01,5.6,29.61,7159.388886363636
1960-09-01,5.5,29.61,7159.388886363636
1960-10-01,6.1,29.75,540.197
1960-11-01,6.1,29.78,7159.388886363636
1960-12-01,6.6,29.81,7159.388886363636
1961-01-01,6.6,29.84,545.018
1961-02-01,6.9,29.84,7159.388886363636
1961-03-01,6.9,29.84,7159.388886363636
1961-04-01,7.0,29.81,555.545
1961-05-01,7.1,29.84,7159.388886363636
1961-06-01,6.9,29.84,7159.388886363636
1961-07-01,7.0,29.92,567.664
1961-08-01,6.6,29.94,7159.388886363636
1961-09-01,6.7,29.98,7159.388886363636
1961-10-01,6.5,29.98,580.612
1961-11-01,6.1,29.98,7159.388886363636
1961-12-01,6.0,30.01,7159.388886363636
1962-01-01,5.8,30.04,594.013
1962-02-01,5.5,30.11,7159.388886363636
1962-03-01,5.6,30.17,7159.388886363636
1962-04-01,5.6,30.21,600.366
1962-05-01,5.5,30.24,7159.388886363636
1962-06-01,5.5,30.21,7159.388886363636
1962-07-01,5.4,30.22,609.027
1962-08-01,5.7,30.28,7159.388886363636
1962-09-01,5.6,30.42,7159.388886363636
1962-10-01,5.4,30.38,612.28
1962-11-01,5.7,30.38,7159.388886363636
1962-12-01,5.5,30.38,7159.388886363636
1963-01-01,5.7,30.44,621.672
1963-02-01,5.9,30.48,7159.388886363636
1963-03-01,5.7,30.51,7159.388886363636
1963-04-01,5.7,30.48,629.752
1963-05-01,5.9,30.51,7159.388886363636
1963-06-01,5.6,30.61,7159.388886363636
1963-07-01,5.6,30.69,644.444
1963-08-01,5.4,30.75,7159.388886363636
1963-09-01,5.5,30.72,7159.388886363636
1963-10-01,5.5,30.75,653.938
1963-11-01,5.7,30.78,7159.388886363636
1963-12-01,5.5,30.88,7159.388886363636
1964-01-01,5.6,30.94,669.822
1964-02-01,5.4,30.91,7159.388886363636
1964-03-01,5.4,30.94,7159.388886363636
1964-04-01,5.3,30.95,678.674
1964-05-01,5.1,30.98,7159.388886363636
1964-06-01,5.2,31.01,7159.388886363636
1964-07-01,4.9,31.02,692.031
1964-08-01,5.0,31.05,7159.388886363636
1964-09-01,5.1,31.08,7159.388886363636
1964-10-01,5.1,31.12,697.319
1964-11-01,4.8,31.21,7159.388886363636
1964-12-01,5.0,31.25,7159.388886363636
1965-01-01,4.9,31.28,717.79
1965-02-01,5.1,31.28,7159.388886363636
1965-03-01,4.7,31.31,7159.388886363636
1965-04-01,4.8,31.38,730.191
1965-05-01,4.6,31.48,7159.388886363636
1965-06-01,4.6,31.61,7159.388886363636
1965-07-01,4.4,31.58,749.323
1965-08-01,4.4,31.55,7159.388886363636
1965-09-01,4.3,31.62,7159.388886363636
1965-10-01,4.2,31.65,771.857
1965-11-01,4.1,31.75,7159.388886363636
1965-12-01,4.0,31.85,7159.388886363636
1966-01-01,4.0,31.88,795.734
1966-02-01,3.8,32.08,7159.388886363636
1966-03-01,3.8,32.18,7159.388886363636
1966-04-01,3.8,32.28,804.981
1966-05-01,3.9,32.35,7159.388886363636
1966-06-01,3.8,32.38,7159.388886363636
1966-07-01,3.8,32.45,819.638
1966-08-01,3.8,32.65,7159.388886363636
1966-09-01,3.7,32.75,7159.388886363636
1966-10-01,3.7,32.85,833.302
1966-11-01,3.6,32.88,7159.388886363636
1966-12-01,3.8,32.92,7159.388886363636
1967-01-01,3.9,32.9,844.17
1967-02-01,3.8,33.0,7159.388886363636
1967-03-01,3.8,33.0,7159.388886363636
1967-04-01,3.8,33.1,848.983
1967-05-01,3.8,33.1,7159.388886363636
1967-06-01,3.9,33.3,7159.388886363636
1967-07-01,3.8,33.4,865.233
1967-08-01,3.8,33.5,7159.388886363636
1967-09-01,3.8,33.6,7159.388886363636
1967-10-01,4.0,33.7,881.439
1967-11-01,3.9,33.9,7159.388886363636
1967-12-01,3.8,34.0,7159.388886363636
1968-01-01,3.7,34.1,909.387
1968-02-01,3.8,34.2,7159.388886363636
1968-03-01,3.7,34.3,7159.388886363636
1968-04-01,3.5,34.4,934.344
1968-05-01,3.5,34.5,7159.388886363636
1968-06-01,3.7,34.7,7159.388886363636
1968-07-01,3.7,34.9,950.825
1968-08-01,3.5,35.0,7159.388886363636
1968-09-01,3.4,35.1,7159.388886363636
1968-10-01,3.4,35.3,968.03
1968-11-01,3.4,35.4,7159.388886363636
1968-12-01,3.4,35.6,7159.388886363636
1969-01-01,3.4,35.7,993.337
1969-02-01,3.4,35.8,7159.388886363636
1969-03-01,3.4,36.1,7159.388886363636
1969-04-01,3.4,36.3,1009.02
1969-05-01,3.4,36.4,7159.388886363636
1969-06-01,3.5,36.6,7159.388886363636
1969-07-01,3.5,36.8,1029.956
1969-08-01,3.5,36.9,7159.388886363636
1969-09-01,3.7,37.1,7159.388886363636
1969-10-01,3.7,37.3,1038.147
1969-11-01,3.5,37.5,7159.388886363636
1969-12-01,3.5,37.7,7159.388886363636
1970-01-01,3.9,37.9,1051.2
1970-02-01,4.2,38.1,7159.388886363636
1970-03-01,4.4,38.3,7159.388886363636
1970-04-01,4.6,38.5,1067.375
1970-05-01,4.8,38.6,7159.388886363636
1970-06-01,4.9,38.8,7159.388886363636
1970-07-01,5.0,38.9,1086.059
1970-08-01,5.1,39.0,7159.388886363636
1970-09-01,5.4,39.2,7159.388886363636
1970-10-01,5.5,39.4,1088.608
1970-11-01,5.9,39.6,7159.388886363636
1970-12-01,6.1,39.8,7159.388886363636
1971-01-01,5.9,39.9,1135.156
1971-02-01,5.9,39.9,7159.388886363636
1971-03-01,6.0,40.0,7159.388886363636
1971-04-01,5.9,40.1,1156.271
1971-05-01,5.9,40.3,7159.388886363636
1971-06-01,5.9,40.5,7159.388886363636
1971-07-01,6.0,40.6,1177.675
1971-08-01,6.1,40.7,7159.388886363636
1971-09-01,6.0,40.8,7159.388886363636
1971-10-01,5.8,40.9,1190.297
1971-11-01,6.0,41.0,7159.388886363636
1971-12-01,6.0,41.1,7159.388886363636
1972-01-01,5.8,41.2,1230.609
1972-02-01,5.7,41.4,7159.388886363636
1972-03-01,5.8,41.4,7159.388886363636
1972-04-01,5.7,41.5,1266.369
1972-05-01,5.7,41.6,7159.388886363636
1972-06-01,5.7,41.7,7159.388886363636
1972-07-01,5.6,41.8,1290.566
1972-08-01,5.6,41.9,7159.388886363636
1972-09-01,5.5,42.1,7159.388886363636
1972-10-01,5.6,42.2,1328.904
1972-11-01,5.3,42.4,7159.388886363636
1972-12-01,5.2,42.5,7159.388886363636
1973-01-01,4.9,42.7,1377.49
1973-02-01,5.0,43.0,7159.388886363636
1973-03-01,4.9,43.4,7159.388886363636
1973-04-01,5.0,43.7,1413.887
1973-05-01,4.9,43.9,7159.388886363636
1973-06-01,4.9,44.2,7159.388886363636
1973-07-01,4.8,44.2,1433.838
1973-08-01,4.8,45.0,7159.388886363636
1973-09-01,4.8,45.2,7159.388886363636
1973-10-01,4.6,45.6,1476.289
1973-11-01,4.8,45.9,7159.388886363636
1973-12-01,4.9,46.3,7159.388886363636
1974-01-01,5.1,46.8,1491.209
1974-02-01,5.2,47.3,7159.388886363636
1974-03-01,5.1,47.8,7159.388886363636
1974-04-01,5.1,48.1,1530.056
1974-05-01,5.1,48.6,7159.388886363636
1974-06-01,5.4,49.0,7159.388886363636
1974-07-01,5.5,49.3,1560.026
1974-08-01,5.5,49.9,7159.388886363636
1974-09-01,5.9,50.6,7159.388886363636
1974-10-01,6.0,51.0,1599.679
1974-11-01,6.6,51.5,7159.388886363636
1974-12-01,7.2,51.9,7159.388886363636
1975-01-01,8.1,52.3,1616.116
1975-02-01,8.1,52.6,7159.388886363636
1975-03-01,8.6,52.8,7159.388886363636
1975-04-01,8.8,53.0,1651.853
1975-05-01,9.0,53.1,7159.388886363636
1975-06-01,8.8,53.5,7159.388886363636
1975-07-01,8.6,54.0,1709.82
1975-08-01,8.4,54.2,7159.388886363636
1975-09-01,8.4,54.6,7159.388886363636
1975-10-01,8.4,54.9,1761.831
1975-11-01,8.3,55.3,7159.388886363636
1975-12-01,8.2,55.6,7159.388886363636
1976-01-01,7.9,55.8,1820.487
1976-02-01,7.7,55.9,7159.388886363636
1976-03-01,7.6,56.0,7159.388886363636
1976-04-01,7.7,56.1,1852.332
1976-05-01,7.4,56.4,7159.388886363636
1976-06-01,7.6,56.7,7159.388886363636
1976-07-01,7.8,57.0,1886.558
1976-08-01,7.8,57.3,7159.388886363636
1976-09-01,7.6,57.6,7159.388886363636
1976-10-01,7.7,57.9,1934.273
1976-11-01,7.8,58.1,7159.388886363636
1976-12-01,7.8,58.4,7159.388886363636
1977-01-01,7.5,58.7,1988.648
1977-02-01,7.6,59.3,7159.388886363636
1977-03-01,7.4,59.6,7159.388886363636
1977-04-01,7.2,60.0,2055.909
1977-05-01,7.0,60.2,7159.388886363636
1977-06-01,7.2,60.5,7159.388886363636
1977-07-01,6.9,60.8,2118.473
1977-08-01,7.0,61.1,7159.388886363636
1977-09-01,6.8,61.3,7159.388886363636
1977-10-01,6.8,61.6,2164.27
1977-11-01,6.8,62.0,7159.388886363636
1977-12-01,6.4,62.3,7159.388886363636
1978-01-01,6.4,62.7,2202.76
1978-02-01,6.3,63.0,7159.388886363636
1978-03-01,6.3,63.4,7159.388886363636
1978-04-01,6.1,63.9,2331.633
1978-05-01,6.0,64.5,7159.388886363636
1978-06-01,5.9,65.0,7159.388886363636
1978-07-01,6.2,65.5,2395.053
1978-08-01,5.9,65.9,7159.388886363636
1978-09-01,6.0,66.5,7159.388886363636
1978-10-01,5.8,67.1,2476.949
1978-11-01,5.9,67.5,7159.388886363636
1978-12-01,6.0,67.9,7159.388886363636
1979-01-01,5.9,68.5,2526.61
1979-02-01,5.9,69.2,7159.388886363636
1979-03-01,5.8,69.9,7159.388886363636
1979-04-01,5.8,70.6,2591.247
1979-05-01,5.6,71.4,7159.388886363636
1979-06-01,5.7,72.2,7159.388886363636
1979-07-01,5.7,73.0,2667.565
1979-08-01,6.0,73.7,7159.388886363636
1979-09-01,5.9,74.4,7159.388886363636
1979-10-01,6.0,75.2,2723.883
1979-11-01,5.9,76.0,7159.388886363636
1979-12-01,6.0,76.9,7159.388886363636
1980-01-01,6.3,78.0,2789.842
1980-02-01,6.3,79.0,7159.388886363636
1980-03-01,6.3,80.1,7159.388886363636
1980-04-01,6.9,80.9,2797.352
1980-05-01,7.5,81.7,7159.388886363636
1980-06-01,7.6,82.5,7159.388886363636
1980-07-01,7.8,82.6,2856.483
1980-08-01,7.7,83.2,7159.388886363636
1980-09-01,7.5,83.9,7159.388886363636
1980-10-01,7.5,84.7,2985.557
1980-11-01,7.5,85.6,7159.388886363636
1980-12-01,7.2,86.4,7159.388886363636
1981-01-01,7.5,87.2,3124.206
1981-02-01,7.4,88.0,7159.388886363636
1981-03-01,7.4,88.6,7159.388886363636
1981-04-01,7.2,89.1,3162.532
1981-05-01,7.5,89.7,7159.388886363636
1981-06-01,7.5,90.5,7159.388886363636
1981-07-01,7.2,91.5,3260.609
1981-08-01,7.4,92.2,7159.388886363636
1981-09-01,7.6,93.1,7159.388886363636
1981-10-01,7.9,93.4,3280.818
1981-11-01,8.3,93.8,7159.388886363636
1981-12-01,8.5,94.1,7159.388886363636
1982-01-01,8.6,94.4,3274.302
1982-02-01,8.9,94.7,7159.388886363636
1982-03-01,9.0,94.7,7159.388886363636
1982-04-01,9.3,95.0,3331.972
1982-05-01,9.4,95.9,7159.388886363636
1982-06-01,9.6,97.0,7159.388886363636
1982-07-01,9.8,97.5,3366.322
1982-08-01,9.8,97.7,7159.388886363636
1982-09-01,10.1,97.7,7159.388886363636
1982-10-01,10.4,98.1,3402.561
1982-11-01,10.8,98.0,7159.388886363636
1982-12-01,10.8,97.7,7159.388886363636
1983-01-01,10.4,97.9,3473.413
1983-02-01,10.4,98.0,7159.388886363636
1983-03-01,10.3,98.1,7159.388886363636
1983-04-01,10.2,98.8,3578.848
1983-05-01,10.1,99.2,7159.388886363636
1983-06-01,10.1,99.4,7159.388886363636
1983-07-01,9.4,99.8,3689.179
1983-08-01,9.5,100.1,7159.388886363636
1983-09-01,9.2,100.4,7159.388886363636
1983-10-01,8.8,100.8,3794.706
1983-11-01,8.5,101.1,7159.388886363636
1983-12-01,8.3,101.4,7159.388886363636
1984-01-01,8.0,102.1,3908.054
1984-02-01,7.8,102.6,7159.388886363636
1984-03-01,7.8,102.9,7159.388886363636
1984-04-01,7.7,103.3,4009.601
1984-05-01,7.4,103.5,7159.388886363636
1984-06-01,7.2,103.7,7159.388886363636
1984-07-01,7.5,104.1,4084.25
1984-08-01,7.5,104.4,7159.388886363636
1984-09-01,7.3,104.7,7159.388886363636
1984-10-01,7.4,105.1,4148.551
1984-11-01,7.2,105.3,7159.388886363636
1984-12-01,7.3,105.5,7159.388886363636
1985-01-01,7.3,105.7,4230.168
1985-02-01,7.2,106.3,7159.388886363636
1985-03-01,7.2,106.8,7159.388886363636
1985-04-01,7.3,107.0,4294.887
1985-05-01,7.2,107.2,7159.388886363636
1985-06-01,7.4,107.5,7159.388886363636
1985-07-01,7.4,107.7,4386.773
1985-08-01,7.1,107.9,7159.388886363636
1985-09-01,7.1,108.1,7159.388886363636
1985-10-01,7.1,108.5,4444.094
1985-11-01,7.0,109.0,7159.388886363636
1985-12-01,7.0,109.5,7159.388886363636
1986-01-01,6.7,109.9,4507.894
1986-02-01,7.2,109.7,7159.388886363636
1986-03-01,7.2,109.1,7159.388886363636
1986-04-01,7.1,108.7,4545.34
1986-05-01,7.2,109.0,7159.388886363636
1986-06-01,7.2,109.4,7159.388886363636
1986-07-01,7.0,109.5,4607.669
1986-08-01,6.9,109.6,7159.388886363636
1986-09-01,7.0,110.0,7159.388886363636
1986-10-01,7.0,110.2,4657.627
1986-11-01,6.9,110.4,7159.388886363636
1986-12-01,6.6,110.8,7159.388886363636
1987-01-01,6.6,111.4,4722.156
1987-02-01,6.6,111.8,7159.388886363636
1987-03-01,6.6,112.2,7159.388886363636
1987-04-01,6.3,112.7,4806.16
1987-05-01,6.3,113.0,7159.388886363636
1987-06-01,6.2,113.5,7159.388886363636
1987-07-01,6.1,113.8,4884.555
1987-08-01,6.0,114.3,7159.388886363636
1987-09-01,5.9,114.7,7159.388886363636
1987-10-01,6.0,115.0,5007.994
1987-11-01,5.8,115.4,7159.388886363636
1987-12-01,5.7,115.6,7159.388886363636
1988-01-01,5.7,116.0,5073.372
1988-02-01,5.7,116.2,7159.388886363636
1988-03-01,5.7,116.5,7159.388886363636
1988-04-01,5.4,117.2,5190.036
1988-05-01,5.6,117.5,7159.388886363636
1988-06-01,5.4,118.0,7159.388886363636
1988-07-01,5.4,118.5,5282.835
1988-08-01,5.6,119.0,7159.388886363636
1988-09-01,5.4,119.5,7159.388886363636
1988-10-01,5.4,119.9,5399.509
1988-11-01,5.3,120.3,7159.388886363636
1988-12-01,5.3,120.7,7159.388886363636
1989-01-01,5.4,121.2,5511.253
1989-02-01,5.2,121.6,7159.388886363636
1989-03-01,5.0,122.2,7159.388886363636
1989-04-01,5.2,123.1,5612.463
1989-05-01,5.2,123.7,7159.388886363636
1989-06-01,5.3,124.1,7159.388886363636
1989-07-01,5.2,124.5,5695.365
1989-08-01,5.2,124.5,7159.388886363636
1989-09-01,5.3,124.8,7159.388886363636
1989-10-01,5.3,125.4,5747.237
1989-11-01,5.4,125.9,7159.388886363636
1989-12-01,5.4,126.3,7159.388886363636
1990-01-01,5.4,127.5,5872.701
1990-02-01,5.3,128.0,7159.388886363636
1990-03-01,5.2,128.6,7159.388886363636
1990-04-01,5.4,128.9,5960.028
1990-05-01,5.4,129.1,7159.388886363636
1990-06-01,5.2,129.9,7159.388886363636
1990-07-01,5.5,130.5,6015.116
1990-08-01,5.7,131.6,7159.388886363636
1990-09-01,5.9,132.5,7159.388886363636
1990-10-01,5.9,133.4,6004.733
1990-11-01,6.2,133.7,7159.388886363636
1990-12-01,6.3,134.2,7159.388886363636
1991-01-01,6.4,134.7,6035.178
1991-02-01,6.6,134.8,7159.388886363636
1991-03-01,6.8,134.8,7159.388886363636
1991-04-01,6.7,135.1,6126.862
1991-05-01,6.9,135.6,7159.388886363636
1991-06-01,6.9,136.0,7159.388886363636
1991-07-01,6.8,136.2,6205.937
1991-08-01,6.9,136.6,7159.388886363636
1991-09-01,6.9,137.0,7159.388886363636
1991-10-01,7.0,137.2,6264.54
1991-11-01,7.0,137.8,7159.388886363636
1991-12-01,7.3,138.2,7159.388886363636
1992-01-01,7.3,138.3,6363.102
1992-02-01,7.4,138.6,7159.388886363636
1992-03-01,7.4,139.1,7159.388886363636
1992-04-01,7.4,139.4,6470.763
1992-05-01,7.6,139.7,7159.388886363636
1992-06-01,7.8,140.1,7159.388886363636
1992-07-01,7.7,140.5,6566.641
1992-08-01,7.6,140.8,7159.388886363636
1992-09-01,7.6,141.1,7159.388886363636
1992-10-01,7.3,141.7,6680.803
1992-11-01,7.4,142.1,7159.388886363636
1992-12-01,7.4,142.3,7159.388886363636
1993-01-01,7.3,142.8,6729.459
1993-02-01,7.1,143.1,7159.388886363636
1993-03-01,7.0,143.3,7159.388886363636
1993-04-01,7.1,143.8,6808.939
1993-05-01,7.1,144.2,7159.388886363636
1993-06-01,7.0,144.3,7159.388886363636
1993-07-01,6.9,144.5,6882.098
1993-08-01,6.8,144.8,7159.388886363636
1993-09-01,6.7,145.0,7159.388886363636
1993-10-01,6.8,145.6,7013.738
1993-11-01,6.6,146.0,7159.388886363636
1993-12-01,6.5,146.3,7159.388886363636
1994-01-01,6.6,146.3,7115.652
1994-02-01,6.6,146.7,7159.388886363636
1994-03-01,6.5,147.1,7159.388886363636
1994-04-01,6.4,147.2,7246.931
1994-05-01,6.1,147.5,7159.388886363636
1994-06-01,6.1,147.9,7159.388886363636
1994-07-01,6.1,148.4,7331.075
1994-08-01,6.0,149.0,7159.388886363636
1994-09-01,5.9,149.3,7159.388886363636
1994-10-01,5.8,149.4,7455.288
1994-11-01,5.6,149.8,7159.388886363636
1994-12-01,5.5,150.1,7159.388886363636
1995-01-01,5.6,150.5,7522.289
1995-02-01,5.4,150.9,7159.388886363636
1995-03-01,5.4,151.2,7159.388886363636
1995-04-01,5.8,151.8,7580.997
1995-05-01,5.6,152.1,7159.388886363636
1995-06-01,5.6,152.4,7159.388886363636
1995-07-01,5.7,152.6,7683.125
1995-08-01,5.7,152.9,7159.388886363636
1995-09-01,5.6,153.1,7159.388886363636
1995-10-01,5.5,153.5,7772.586
1995-11-01,5.6,153.7,7159.388886363636
1995-12-01,5.6,153.9,7159.388886363636
1996-01-01,5.6,154.7,7868.468
1996-02-01,5.5,155.0,7159.388886363636
1996-03-01,5.5,155.5,7159.388886363636
1996-04-01,5.6,156.1,8032.84
1996-05-01,5.6,156.4,7159.388886363636
1996-06-01,5.3,156.7,7159.388886363636
1996-07-01,5.5,157.0,8131.408
1996-08-01,5.1,157.2,7159.388886363636
1996-09-01,5.2,157.7,7159.388886363636
1996-10-01,5.2,158.2,8259.771
1996-11-01,5.4,158.7,7159.388886363636
1996-12-01,5.4,159.1,7159.388886363636
1997-01-01,5.3,159.4,8362.655
1997-02-01,5.2,159.7,7159.388886363636
1997-03-01,5.2,159.8,7159.388886363636
1997-04-01,5.1,159.9,8518.825
1997-05-01,4.9,159.9,7159.388886363636
1997-06-01,5.0,160.2,7159.388886363636
1997-07-01,4.9,160.4,8662.823
1997-08-01,4.8,160.8,7159.388886363636
1997-09-01,4.9,161.2,7159.388886363636
1997-10-01,4.7,161.5,8765.907
1997-11-01,4.6,161.7,7159.388886363636
1997-12-01,4.7,161.8,7159.388886363636
1998-01-01,4.6,162.0,8866.48
1998-02-01,4.6,162.0,7159.388886363636
1998-03-01,4.7,162.0,7159.388886363636
1998-04-01,4.3,162.2,8969.699
1998-05-01,4.4,162.6,7159.388886363636
1998-06-01,4.5,162.8,7159.388886363636
1998-07-01,4.5,163.2,9121.097
1998-08-01,4.5,163.4,7159.388886363636
1998-09-01,4.6,163.5,7159.388886363636
1998-10-01,4.5,163.9,9293.991
1998-11-01,4.4,164.1,7159.388886363636
1998-12-01,4.4,164.4,7159.388886363636
1999-01-01,4.3,164.7,9411.682
1999-02-01,4.4,164.7,7159.388886363636
1999-03-01,4.2,164.8,7159.388886363636
1999-04-01,4.3,165.9,9526.21
1999-05-01,4.2,166.0,7159.388886363636
1999-06-01,4.3,166.0,7159.388886363636
1999-07-01,4.3,166.7,9686.626
1999-08-01,4.2,167.1,7159.388886363636
1999-09-01,4.2,167.8,7159.388886363636
1999-10-01,4.1,168.1,9900.169
1999-11-01,4.1,168.4,7159.388886363636
1999-12-01,4.0,168.8,7159.388886363636
2000-01-01,4.0,169.3,10002.179
2000-02-01,4.1,170.0,7159.388886363636
2000-03-01,4.0,171.0,7159.388886363636
2000-04-01,3.8,170.9,10247.72
2000-05-01,4.0,171.2,7159.388886363636
2000-06-01,4.0,172.2,7159.388886363636
2000-07-01,4.0,172.7,10318.165
2000-08-01,4.1,172.7,7159.388886363636
2000-09-01,3.9,173.6,7159.388886363636
2000-10-01,3.9,173.9,10435.744
2000-11-01,3.9,174.2,7159.388886363636
2000-12-01,3.9,174.6,7159.388886363636
2001-01-01,4.2,175.6,10470.231
2001-02-01,4.2,176.0,7159.388886363636
2001-03-01,4.3,176.1,7159.388886363636
2001-04-01,4.4,176.4,10599.0
2001-05-01,4.3,177.3,7159.388886363636
2001-06-01,4.5,177.7,7159.388886363636
2001-07-01,4.6,177.4,10598.02
2001-08-01,4.9,177.4,7159.388886363636
2001-09-01,5.0,178.1,7159.388886363636
2001-10-01,5.3,177.6,10660.465
2001-11-01,5.5,177.5,7159.388886363636
2001-12-01,5.7,177.4,7159.388886363636
2002-01-01,5.7,177.7,10783.5
2002-02-01,5.7,178.0,7159.388886363636
2002-03-01,5.7,178.5,7159.388886363636
2002-04-01,5.9,179.3,10887.46
2002-05-01,5.8,179.5,7159.388886363636
2002-06-01,5.8,179.6,7159.388886363636
2002-07-01,5.8,180.0,10984.04
2002-08-01,5.7,180.5,7159.388886363636
2002-09-01,5.7,180.8,7159.388886363636
2002-10-01,5.7,181.2,11061.433
2002-11-01,5.9,181.5,7159.388886363636
2002-12-01,6.0,181.8,7159.388886363636
2003-01-01,5.8,182.6,11174.129
2003-02-01,5.9,183.6,7159.388886363636
2003-03-01,5.9,183.9,7159.388886363636
2003-04-01,6.0,183.2,11312.766
2003-05-01,6.1,182.9,7159.388886363636
2003-06-01,6.3,183.1,7159.388886363636
2003-07-01,6.2,183.7,11566.669
2003-08-01,6.1,184.5,7159.388886363636
2003-09-01,6.1,185.1,7159.388886363636
2003-10-01,6.0,184.9,11772.234
2003-11-01,5.8,185.0,7159.388886363636
2003-12-01,5.7,185.5,7159.388886363636
2004-01-01,5.7,186.3,11923.447
2004-02-01,5.6,186.7,7159.388886363636
2004-03-01,5.8,187.1,7159.388886363636
2004-04-01,5.6,187.4,12112.815
2004-05-01,5.6,188.2,7159.388886363636
2004-06-01,5.6,188.9,7159.388886363636
2004-07-01,5.5,189.1,12305.307
2004-08-01,5.4,189.2,7159.388886363636
2004-09-01,5.4,189.8,7159.388886363636
2004-10-01,5.5,190.8,12527.214
2004-11-01,5.4,191.7,7159.388886363636
2004-12-01,5.4,191.7,7159.388886363636
2005-01-01,5.3,191.6,12767.286
2005-02-01,5.4,192.4,7159.388886363636
2005-03-01,5.2,193.1,7159.388886363636
2005-04-01,5.2,193.7,12922.656
2005-05-01,5.1,193.6,7159.388886363636
2005-06-01,5.0,193.7,7159.388886363636
2005-07-01,5.0,194.9,13142.642
2005-08-01,4.9,196.1,7159.388886363636
2005-09-01,5.0,198.8,7159.388886363636
2005-10-01,5.0,199.1,13324.204
2005-11-01,5.0,198.1,7159.388886363636
2005-12-01,4.9,198.1,7159.388886363636
2006-01-01,4.7,199.3,13599.16
2006-02-01,4.8,199.4,7159.388886363636
2006-03-01,4.7,199.7,7159.388886363636
2006-04-01,4.7,200.7,13753.424
2006-05-01,4.6,201.3,7159.388886363636
2006-06-01,4.6,201.8,7159.388886363636
2006-07-01,4.7,202.9,13870.188
2006-08-01,4.7,203.8,7159.388886363636
2006-09-01,4.5,202.8,7159.388886363636
2006-10-01,4.4,201.9,14039.56
2006-11-01,4.5,202.0,7159.388886363636
2006-12-01,4.4,203.1,7159.388886363636
2007-01-01,4.6,203.437,14215.651
2007-02-01,4.5,204.226,7159.388886363636
2007-03-01,4.4,205.288,7159.388886363636
2007-04-01,4.5,205.904,14402.082
2007-05-01,4.4,206.755,7159.388886363636
2007-06-01,4.6,207.234,7159.388886363636
2007-07-01,4.7,207.603,14564.117
2007-08-01,4.6,207.667,7159.388886363636
2007-09-01,4.7,208.547,7159.388886363636
2007-10-01,4.7,209.19,14715.058
2007-11-01,4.7,210.834,7159.388886363636
2007-12-01,5.0,211.445,7159.388886363636
2008-01-01,5.0,212.174,14706.538
2008-02-01,4.9,212.687,7159.388886363636
2008-03-01,5.1,213.448,7159.388886363636
2008-04-01,5.0,213.942,14865.701
2008-05-01,5.4,215.208,7159.388886363636
2008-06-01,5.6,217.463,7159.388886363636
2008-07-01,5.8,219.016,14898.999
2008-08-01,6.1,218.69,7159.388886363636
2008-09-01,6.1,218.877,7159.388886363636
2008-10-01,6.5,216.995,14608.209
2008-11-01,6.8,213.153,7159.388886363636
2008-12-01,7.3,211.398,7159.388886363636
2009-01-01,7.8,211.933,14430.902
2009-02-01,8.3,212.705,7159.388886363636
2009-03-01,8.7,212.495,7159.388886363636
2009-04-01,9.0,212.709,14381.236
2009-05-01,9.4,213.022,7159.388886363636
2009-06-01,9.5,214.79,7159.388886363636
2009-07-01,9.5,214.726,14448.882
2009-08-01,9.6,215.445,7159.388886363636
2009-09-01,9.8,215.861,7159.388886363636
2009-10-01,10.0,216.509,14651.249
2009-11-01,9.9,217.234,7159.388886363636
2009-12-01,9.9,217.347,7159.388886363636
2010-01-01,9.8,217.488,14764.61
2010-02-01,9.8,217.281,7159.388886363636
2010-03-01,9.9,217.353,7159.388886363636
2010-04-01,9.9,217.403,14980.193
2010-05-01,9.6,217.29,7159.388886363636
2010-06-01,9.4,217.199,7159.388886363636
2010-07-01,9.4,217.605,15141.607
2010-08-01,9.5,217.923,7159.388886363636
2010-09-01,9.5,218.275,7159.388886363636
2010-10-01,9.4,219.035,15309.474
2010-11-01,9.8,219.59,7159.388886363636
2010-12-01,9.3,220.472,7159.388886363636
2011-01-01,9.1,221.187,15351.448
2011-02-01,9.0,221.898,7159.388886363636
2011-03-01,9.0,223.046,7159.388886363636
2011-04-01,9.1,224.093,15557.539
2011-05-01,9.0,224.806,7159.388886363636
2011-06-01,9.1,224.806,7159.388886363636
2011-07-01,9.0,225.395,15647.68
2011-08-01,9.0,226.106,7159.388886363636
2011-09-01,9.0,226.597,7159.388886363636
2011-10-01,8.8,226.75,15842.259
2011-11-01,8.6,227.169,7159.388886363636
2011-12-01,8.5,227.223,7159.388886363636
2012-01-01,8.3,227.842,16068.805
2012-02-01,8.3,228.329,7159.388886363636
2012-03-01,8.2,228.807,7159.388886363636
2012-04-01,8.2,229.187,16207.115
2012-05-01,8.2,228.713,7159.388886363636
2012-06-01,8.2,228.524,7159.388886363636
2012-07-01,8.2,228.59,16319.541
2012-08-01,8.1,229.918,7159.388886363636
2012-09-01,7.8,231.015,7159.388886363636
2012-10-01,7.8,231.638,16420.419
2012-11-01,7.7,231.249,7159.388886363636
2012-12-01,7.9,231.221,7159.388886363636
2013-01-01,8.0,231.679,16648.189
2013-02-01,7.7,232.937,7159.388886363636
2013-03-01,7.5,232.282,7159.388886363636
2013-04-01,7.6,231.797,16728.687
2013-05-01,7.5,231.893,7159.388886363636
2013-06-01,7.5,232.445,7159.388886363636
2013-07-01,7.3,232.9,16953.838
2013-08-01,7.2,233.456,7159.388886363636
2013-09-01,7.2,233.544,7159.388886363636
2013-10-01,7.2,233.669,17192.019
2013-11-01,6.9,234.1,7159.388886363636
2013-12-01,6.7,234.719,7159.388886363636
2014-01-01,6.6,235.288,17197.738
2014-02-01,6.7,235.547,7159.388886363636
2014-03-01,6.7,236.028,7159.388886363636
2014-04-01,6.2,236.468,17518.508
2014-05-01,6.3,236.918,7159.388886363636
2014-06-01,6.1,237.231,7159.388886363636
2014-07-01,6.2,237.498,17804.228
2014-08-01,6.1,237.46,7159.388886363636
2014-09-01,5.9,237.477,7159.388886363636
2014-10-01,5.7,237.43,17912.079
2014-11-01,5.8,236.983,7159.388886363636
2014-12-01,5.6,236.252,7159.388886363636
2015-01-01,5.7,234.747,18063.529
2015-02-01,5.5,235.342,7159.388886363636
2015-03-01,5.4,235.976,7159.388886363636
2015-04-01,5.4,236.222,18279.784
2015-05-01,5.6,237.001,7159.388886363636
2015-06-01,5.3,237.657,7159.388886363636
2015-07-01,5.2,238.034,18401.626
2015-08-01,5.1,238.033,7159.388886363636
2015-09-01,5.0,237.498,7159.388886363636
2015-10-01,5.0,237.733,18435.137
2015-11-01,5.1,238.017,7159.388886363636
2015-12-01,5.0,237.761,7159.388886363636
2016-01-01,4.8,237.652,18525.933
2016-02-01,4.9,237.336,7159.388886363636
2016-03-01,5.0,238.08,7159.388886363636
2016-04-01,5.1,238.992,18711.702
2016-05-01,4.8,239.557,7159.388886363636
2016-06-01,4.9,240.222,7159.388886363636
2016-07-01,4.8,240.101,18892.639
2016-08-01,4.9,240.545,7159.388886363636
2016-09-01,5.0,241.176,7159.388886363636
2016-10-01,4.9,241.741,19089.379
2016-11-01,4.7,242.026,7159.388886363636
2016-12-01,4.7,242.637,7159.388886363636
2017-01-01,4.7,243.618,19280.084
2017-02-01,4.6,244.006,7159.388886363636
2017-03-01,4.4,243.892,7159.388886363636
2017-04-01,4.4,244.193,19438.643
2017-05-01,4.4,244.004,7159.388886363636
2017-06-01,4.3,244.163,7159.388886363636
2017-07-01,4.3,244.243,19692.595
2017-08-01,4.4,245.183,7159.388886363636
2017-09-01,4.3,246.435,7159.388886363636
2017-10-01,4.2,246.626,20037.088
2017-11-01,4.2,247.284,7159.388886363636
2017-12-01,4.1,247.805,7159.388886363636
2018-01-01,4.0,248.859,20328.553
2018-02-01,4.1,249.529,7159.388886363636
2018-03-01,4.0,249.577,7159.388886363636
2018-04-01,4.0,250.227,20580.912
2018-05-01,3.8,250.792,7159.388886363636
2018-06-01,4.0,251.018,7159.388886363636
2018-07-01,3.8,251.214,20798.73
2018-08-01,3.8,251.663,7159.388886363636
2018-09-01,3.7,252.182,7159.388886363636
2018-10-01,3.8,252.772,20917.867
2018-11-01,3.8,252.594,7159.388886363636
2018-12-01,3.9,252.767,7159.388886363636
2019-01-01,4.0,252.561,21104.133
2019-02-01,3.8,253.319,7159.388886363636
2019-03-01,3.8,254.277,7159.388886363636
2019-04-01,3.7,255.233,21384.775
2019-05-01,3.6,255.296,7159.388886363636
2019-06-01,3.6,255.213,7159.388886363636
2019-07-01,3.7,255.802,21694.282
2019-08-01,3.6,256.036,7159.388886363636
2019-09-01,3.5,256.43,7159.388886363636
2019-10-01,3.6,257.155,21902.39
2019-11-01,3.6,257.879,7159.388886363636
2019-12-01,3.6,258.63,7159.388886363636
2020-01-01,3.6,258.906,21706.513
2020-02-01,3.5,259.246,7159.388886363636
2020-03-01,4.4,258.15,7159.388886363636
2020-04-01,14.8,256.126,19913.143
2020-05-01,13.2,255.848,7159.388886363636
2020-06-01,11.0,257.004,7159.388886363636
2020-07-01,10.2,258.408,21647.64
2020-08-01,8.4,259.366,7159.388886363636
2020-09-01,7.8,259.951,7159.388886363636
2020-10-01,6.8,260.249,22024.502
2020-11-01,6.7,260.895,7159.388886363636
2020-12-01,6.7,262.005,7159.388886363636
2021-01-01,6.4,262.518,22600.185
2021-02-01,6.2,263.583,7159.388886363636
2021-03-01,6.1,264.91,7159.388886363636
2021-04-01,6.1,266.752,23292.362
2021-05-01,5.8,268.452,7159.388886363636
2021-06-01,5.9,270.664,7159.388886363636
2021-07-01,5.4,271.994,23828.973
2021-08-01,5.1,272.789,7159.388886363636
2021-09-01,4.7,273.887,7159.388886363636
2021-10-01,4.5,276.434,24654.603
2021-11-01,4.1,278.799,7159.388886363636
2021-12-01,3.9,280.808,7159.388886363636
2022-01-01,4.0,282.39,25029.116
2022-02-01,3.8,284.535,7159.388886363636
2022-03-01,3.6,287.553,7159.388886363636
2022-04-01,3.7,288.764,25544.273
2022-05-01,3.6,291.359,7159.388886363636
2022-06-01,3.6,294.996,7159.388886363636
2022-07-01,3.5,294.977,25994.639
2022-08-01,3.6,295.209,7159.388886363636
2022-09-01,3.5,296.341,7159.388886363636
2022-10-01,3.6,297.863,26408.405
2022-11-01,3.6,298.648,7159.388886363636
2022-12-01,3.5,298.812,7159.388886363636
2023-01-01,3.4,300.356,26813.601
2023-02-01,3.6,301.509,7159.388886363636
2023-03-01,3.5,301.744,7159.388886363636
2023-04-01,3.4,303.032,27063.012
2023-05-01,3.7,303.365,7159.388886363636
2023-06-01,3.6,304.003,7159.388886363636
2023-07-01,3.5,304.628,27610.128
2023-08-01,3.8,306.187,7159.388886363636
2023-09-01,3.8,307.288,7159.388886363636
2023-10-01,3.8,307.531,27956.998
2023-11-01,3.7,308.024,7159.388886363636
2023-12-01,3.7,308.742,7159.388886363636
2024-01-01,3.7,309.685,7159.388886363636
2024-02-01,3.9,311.054,7159.388886363636
2024-03-01,3.8,312.23,7159.388886363636
